,feature
0,TFs_and_others_ING2
1,TFs_and_others_ARID5B
2,TFs_and_others_PKM
3,TFs_and_others_HMG20B
4,TFs_and_others_GTF2I
5,TFs_and_others_BRF1
6,TFs_and_others_ZNF785
7,TFs_and_others_CTCFL
8,TFs_and_others_ZNF576
9,TFs_and_others_FXR2
10,TFs_and_others_HHV UL87
11,TFs_and_others_PRMT3
12,TFs_and_others_RLF
13,TFs_and_others_POU2F1
14,TFs_and_others_CEBPA
15,TFs_and_others_HES2
16,TFs_and_others_PAX5
17,TFs_and_others_MAP2K1
18,TFs_and_others_TEAD2
19,TFs_and_others_CERS6
20,TFs_and_others_ARID4B
21,TFs_and_others_TAF2
22,TFs_and_others_HIV Tat
23,TFs_and_others_ZNF425
24,TFs_and_others_ATF4
25,TFs_and_others_DOT1L
26,TFs_and_others_ZNF311
27,TFs_and_others_SOX1
28,Histone_H3R26cit
29,TFs_and_others_ZNF274
30,TFs_and_others_USP7
31,Histone_H3K79me3
32,TFs_and_others_IKZF3
33,TFs_and_others_AGO2
34,TFs_and_others_DONSON
35,TFs_and_others_HOXD11
36,TFs_and_others_TSC22D2
37,TFs_and_others_ZNF251
38,Histone_H3S28ph
39,TFs_and_others_ONECUT2
40,Histone_H4K20me1
41,TFs_and_others_ZC3H4
42,TFs_and_others_PSMD1
43,TFs_and_others_ZSCAN16
44,TFs_and_others_NUFIP1
45,TFs_and_others_KLF5
46,TFs_and_others_RBM22
47,TFs_and_others_SUPT6H
48,TFs_and_others_FOXJ3
49,TFs_and_others_FBXO44
50,TFs_and_others_RFXANK
51,TFs_and_others_ZSCAN12
52,TFs_and_others_NFIL3
53,TFs_and_others_PLRG1
54,TFs_and_others_SRSF1
55,TFs_and_others_GTF2F2
56,TFs_and_others_ZNF189
57,TFs_and_others_SP110
58,TFs_and_others_PRDM10
59,TFs_and_others_WDHD1
60,TFs_and_others_ETS2
61,TFs_and_others_INTS5
62,TFs_and_others_MLLT6
63,TFs_and_others_PHIP
64,TFs_and_others_ZKSCAN8
65,TFs_and_others_ZNF816
66,TFs_and_others_BCL10
67,TFs_and_others_RORB
68,TFs_and_others_ZFP36L2
69,TFs_and_others_CCAR2
70,TFs_and_others_GATA6
71,TFs_and_others_PAXIP1
72,TFs_and_others_NKX6-1
73,TFs_and_others_SAP30
74,TFs_and_others_ZNF225
75,TFs_and_others_RUNX2
76,TFs_and_others_TEAD3
77,TFs_and_others_NFXL1
78,TFs_and_others_ALYREF
79,TFs_and_others_KLF14
80,TFs_and_others_PAX8
81,RNA_polymerase_RNA polymerase II
82,Histone_H2AK9ac
83,TFs_and_others_HHEX
84,TFs_and_others_ZNF654
85,TFs_and_others_CCNT1
86,TFs_and_others_SFPQ
87,TFs_and_others_NFKB1
88,TFs_and_others_ZNF451
89,TFs_and_others_ZNF579
90,TFs_and_others_TET3
91,TFs_and_others_GPN1
92,TFs_and_others_DNA2
93,TFs_and_others_BRD2
94,TFs_and_others_NCOR1
95,TFs_and_others_ZNF556
96,TFs_and_others_POU3F2
97,TFs_and_others_SOX3
98,TFs_and_others_ARID3B
99,TFs_and_others_TFEB
100,TFs_and_others_ZC3H8
101,TFs_and_others_SMAD3
102,TFs_and_others_NR2F1
103,TFs_and_others_FOS
104,TFs_and_others_CDX4
105,TFs_and_others_MKL1
106,TFs_and_others_NKX2-2
107,Histone_H2A.ZK4K7K11ac
108,Histone_H4K5K8K12ac
109,TFs_and_others_ZC3H11A
110,TFs_and_others_GTF2E2
111,TFs_and_others_BCL6
112,TFs_and_others_PDHA1
113,TFs_and_others_CHD6
114,Histone_H3K122sc
115,TFs_and_others_CHD8
116,TFs_and_others_MIER2
117,TFs_and_others_PHF19
118,TFs_and_others_U2AF2
119,TFs_and_others_TIGD3
120,TFs_and_others_SNAPC5
121,TFs_and_others_POU6F1
122,TFs_and_others_ISX
123,TFs_and_others_RAD21
124,TFs_and_others_PHF10
125,TFs_and_others_ZNF302
126,TFs_and_others_STAT6
127,TFs_and_others_NONO
128,TFs_and_others_CPSF7
129,Histone_H3K79suc
130,TFs_and_others_HNF4A
131,TFs_and_others_NR2C1
132,TFs_and_others_ZNF232
133,TFs_and_others_GTF3A
134,TFs_and_others_KHSRP
135,Histone_H3K28ac
136,TFs_and_others_MED7
137,TFs_and_others_PRKDC
138,RNA_polymerase_POLR3C
139,TFs_and_others_E2F5
140,TFs_and_others_SON
141,Histone_H1B
142,TFs_and_others_HES5
143,TFs_and_others_KDM2A
144,TFs_and_others_BRCA1
145,TFs_and_others_CSDC2
146,TFs_and_others_ZNF549
147,TFs_and_others_NHLH1
148,TFs_and_others_DCP2
149,TFs_and_others_RBM34
150,TFs_and_others_NCAPH2
151,TFs_and_others_PHF13
152,TFs_and_others_SCRT1
153,TFs_and_others_MORC2
154,Histone_H3K4me2
155,Histone_H4R3me2
156,Histone_H3K4me1
157,TFs_and_others_RBBP4
158,TFs_and_others_ZNF34
159,TFs_and_others_ZNF518A
160,Histone_H4K8ac
161,TFs_and_others_ZNF551
162,TFs_and_others_ZNF552
163,TFs_and_others_STAG2
164,Histone_H3K9me2
165,TFs_and_others_FOSL2
166,TFs_and_others_RNF2
167,TFs_and_others_Hepatitis B Virus X antigen
168,TFs_and_others_TFDP2
169,TFs_and_others_TCF12
170,TFs_and_others_ZEB2
171,TFs_and_others_ZNF76
172,TFs_and_others_ZNF280B
173,Histone_H4K20me3
174,TFs_and_others_ZNF561
175,TFs_and_others_ZNF277
176,TFs_and_others_ZNF395
177,TFs_and_others_ZNF645
178,TFs_and_others_RING1
179,TFs_and_others_NCBP1
180,TFs_and_others_ZNF550
181,TFs_and_others_ZNF423
182,TFs_and_others_ADNP2
183,TFs_and_others_TBX21
184,TFs_and_others_ZNF770
185,TFs_and_others_ERH
186,TFs_and_others_WRN
187,TFs_and_others_JRK
188,TFs_and_others_SLBP
189,TFs_and_others_SP5
190,TFs_and_others_FUBP3
191,TFs_and_others_CRTC2
192,TFs_and_others_SETX
193,Histone_H2A.X
194,TFs_and_others_IKZF2
195,TFs_and_others_ARID3A
196,TFs_and_others_DDX5
197,TFs_and_others_RBM25
198,TFs_and_others_INTS10
199,TFs_and_others_PPARA
200,TFs_and_others_HDAC6
201,TFs_and_others_KLF3
202,TFs_and_others_ZSCAN26
203,TFs_and_others_PBX3
204,TFs_and_others_ZKSCAN1
205,TFs_and_others_OGT
206,TFs_and_others_NKX2-1
207,TFs_and_others_CGGBP1
208,TFs_and_others_HIC2
209,TFs_and_others_SET
210,TFs_and_others_HOXD1
211,TFs_and_others_ZNF165
212,TFs_and_others_FOXA3
213,TFs_and_others_BNC2
214,TFs_and_others_DTL
215,Histone_H4K16ac
216,TFs_and_others_HOXC5
217,TFs_and_others_PHF5A
218,TFs_and_others_KDM4C
219,TFs_and_others_GZF1
220,TFs_and_others_TRIM33
221,TFs_and_others_DDX17
222,TFs_and_others_LHX2
223,TFs_and_others_NPM1
224,Histone_H3K27ac
225,TFs_and_others_SMARCA5
226,TFs_and_others_ZNF513
227,TFs_and_others_KAT8
228,TFs_and_others_ZNF510
229,TFs_and_others_ZNF597
230,Histone_H3K36ac
231,TFs_and_others_SMAD1
232,TFs_and_others_SRSF7
233,Histone_H3K9me1
234,TFs_and_others_YBX1
235,Histone_H3R8me2
236,TFs_and_others_AATF
237,TFs_and_others_GTF3C5
238,TFs_and_others_MLLT1
239,TFs_and_others_ARRB1
240,TFs_and_others_ILF3
241,TFs_and_others_ZNF532
242,TFs_and_others_MIF
243,TFs_and_others_BRD3
244,TFs_and_others_DUX4
245,TFs_and_others_CSRNP3
246,Histone_H3.3B
247,TFs_and_others_TCF25
248,TFs_and_others_METTL14
249,TFs_and_others_ZNF138
250,TFs_and_others_PIAS4
251,TFs_and_others_LMNA
252,TFs_and_others_CSDE1
253,TFs_and_others_SMARCA4
254,TFs_and_others_APOBEC3B
255,TFs_and_others_ZNF217
256,TFs_and_others_ZNF207
257,TFs_and_others_ZNF772
258,TFs_and_others_ELK1
259,TFs_and_others_RAG1
260,TFs_and_others_HDAC3
261,TFs_and_others_ETV1
262,TFs_and_others_BACH2
263,TFs_and_others_USF1
264,TFs_and_others_TBX18
265,TFs_and_others_HK2
266,TFs_and_others_PRDM14
267,TFs_and_others_JUN
268,TFs_and_others_STAT5
269,TFs_and_others_ZSCAN18
270,TFs_and_others_NFE2
271,TFs_and_others_BRD4
272,TFs_and_others_ID3
273,TFs_and_others_NOS2
274,TFs_and_others_ZNF800
275,TFs_and_others_NFIC
276,TFs_and_others_TSHZ2
277,RNA_polymerase_POLR3B
278,TFs_and_others_MEOX2
279,TFs_and_others_FOXH1
280,TFs_and_others_ATAD3A
281,TFs_and_others_NRL
282,Histone_H3T11ph
283,Histone_H3K9me3
284,TFs_and_others_ZNF529
285,Histone_H2AK119Ub
286,TFs_and_others_MEF2D
287,TFs_and_others_TAF1
288,TFs_and_others_FBP1
289,TFs_and_others_ZNF608
290,TFs_and_others_NR3C2
291,TFs_and_others_HDAC9
292,TFs_and_others_ZNF362
293,TFs_and_others_MAP1LC3B
294,TFs_and_others_MKI67
295,TFs_and_others_MNX1
296,TFs_and_others_TOP2B
297,TFs_and_others_E2F3
298,TFs_and_others_KMT2A
299,TFs_and_others_MYOD1
300,TFs_and_others_MSX2
301,TFs_and_others_TOP2A
302,TFs_and_others_ASCL2
303,TFs_and_others_ZCCHC11
304,TFs_and_others_SVS-1
305,TFs_and_others_ALKBH3
306,TFs_and_others_CHD7
307,TFs_and_others_EGFR
308,TFs_and_others_DMTF1
309,TFs_and_others_VEZF1
310,TFs_and_others_ONECUT1
311,TFs_and_others_TRIM22
312,TFs_and_others_Crotonyllysine
313,Histone_H1.4
314,TFs_and_others_SRSF9
315,Histone_H3K4me3
316,TFs_and_others_MCRS1
317,TFs_and_others_STAT1
318,TFs_and_others_MIER1
319,TFs_and_others_GATA2
320,TFs_and_others_NEIL1
321,TFs_and_others_CNOT3
322,TFs_and_others_HMGA1
323,TFs_and_others_MATR3
324,TFs_and_others_OLIG2
325,TFs_and_others_BMI
326,TFs_and_others_HMGN4
327,TFs_and_others_KLF16
328,Histone_H3R17me2
329,TFs_and_others_BCL3
330,TFs_and_others_ZNF677
331,TFs_and_others_NFIB
332,TFs_and_others_PHF8
333,Histone_H3K14cr
334,TFs_and_others_GGCT
335,TFs_and_others_ZNF431
336,TFs_and_others_PRDM2
337,TFs_and_others_NFYC
338,TFs_and_others_DRAP1
339,TFs_and_others_KAT5
340,TFs_and_others_EEA1
341,TFs_and_others_TFAM
342,TFs_and_others_NR1H4
343,TFs_and_others_NR0B1
344,TFs_and_others_MLL-AF4
345,TFs_and_others_SMC2
346,TFs_and_others_FOXF1
347,Histone_H2BK120ub
348,TFs_and_others_ZNF329
349,TFs_and_others_ASXL1
350,TFs_and_others_HDAC8
351,TFs_and_others_NR2E3
352,TFs_and_others_DR1
353,TFs_and_others_ZNF740
354,TFs_and_others_ARID1B
355,TFs_and_others_ZNF548
356,TFs_and_others_CPSF1
357,TFs_and_others_ZNF687
358,TFs_and_others_ASXL3
359,TFs_and_others_HMGN1
360,TFs_and_others_DIDO1
361,TFs_and_others_GLIS3
362,TFs_and_others_MED16
363,TFs_and_others_PKNOX1
364,Histone_H3K4me
365,TFs_and_others_ZIK1
366,TFs_and_others_HOXD13
367,TFs_and_others_ZNF282
368,TFs_and_others_KLF8
369,TFs_and_others_GMEB2
370,TFs_and_others_ZFP41
371,TFs_and_others_PBRM1
372,TFs_and_others_HIF1A
373,TFs_and_others_TOX
374,TFs_and_others_KDM4A
375,Histone_H3S10ph
376,TFs_and_others_LARP7
377,TFs_and_others_FOXA1
378,TFs_and_others_POLR2C
379,TFs_and_others_WDR61
380,TFs_and_others_L3MBTL3
381,TFs_and_others_FOXF2
382,TFs_and_others_ARHGAP35
383,TFs_and_others_ZNF266
384,TFs_and_others_SIX2
385,TFs_and_others_ZNF433
386,Histone_H3K27M
387,TFs_and_others_ZNF391
388,TFs_and_others_TFB2M
389,TFs_and_others_NUSAP1
390,TFs_and_others_CBX8
391,TFs_and_others_HJURP
392,TFs_and_others_ZNF212
393,TFs_and_others_MAML3
394,TFs_and_others_ZNF25
395,Histone_H2A.Z
396,TFs_and_others_NKX3-1
397,TFs_and_others_SMARCD1
398,Histone_H2BK5ac
399,TFs_and_others_PRDM6
400,TFs_and_others_KLF7
401,TFs_and_others_ZNF792
402,TFs_and_others_SP4
403,TFs_and_others_ZNF622
404,TFs_and_others_ZNF71
405,TFs_and_others_CHD4
406,TFs_and_others_REPIN1
407,TFs_and_others_SNRNP70
408,TFs_and_others_IKZF4
409,TFs_and_others_ZNF184
410,TFs_and_others_NR2F6
411,TFs_and_others_NRF1
412,TFs_and_others_MGMT
413,TFs_and_others_ATF5
414,TFs_and_others_TRAFD1
415,TFs_and_others_ZNF512B
416,TFs_and_others_ING5
417,RNA_polymerase_POLR2M
418,TFs_and_others_PADI2
419,TFs_and_others_MDN1
420,TFs_and_others_HOXB8
421,TFs_and_others_NELFE
422,TFs_and_others_RBL1
423,TFs_and_others_ZNF699
424,TFs_and_others_HEY1
425,TFs_and_others_EBF1
426,TFs_and_others_PRDM1
427,TFs_and_others_MAPK14
428,TFs_and_others_LRIF1
429,TFs_and_others_ERF
430,TFs_and_others_NKX2-8
431,Histone_H2A.ZK4K7ac
432,TFs_and_others_CEBPZ
433,TFs_and_others_PAX2
434,TFs_and_others_C7orf26
435,TFs_and_others_CTSG
436,TFs_and_others_HNRNPA2B1
437,TFs_and_others_EOMES
438,TFs_and_others_ZNF639
439,TFs_and_others_ZNF623
440,TFs_and_others_GLYR1
441,TFs_and_others_MECOM
442,TFs_and_others_GTF2F1
443,TFs_and_others_CCNE1
444,TFs_and_others_ZNF696
445,TFs_and_others_DEC1
446,TFs_and_others_ASF1A
447,TFs_and_others_ZNF281
448,TFs_and_others_THRB
449,TFs_and_others_TFE3
450,TFs_and_others_ZNF112
451,TFs_and_others_SP1
452,TFs_and_others_HMGN3
453,TFs_and_others_DDIT3
454,TFs_and_others_PRDM4
455,TFs_and_others_HDGF
456,TFs_and_others_CREBBP
457,TFs_and_others_FOXD3
458,TFs_and_others_GTF3C2
459,TFs_and_others_ZNF596
460,TFs_and_others_FOXP4
461,TFs_and_others_IRF1
462,TFs_and_others_MEIS2
463,TFs_and_others_5-hmC
464,TFs_and_others_ZNF256
465,TFs_and_others_SIX5
466,TFs_and_others_ZBED1
467,TFs_and_others_HOXC9
468,TFs_and_others_ZNF446
469,TFs_and_others_SNAPC4
470,TFs_and_others_CBX6
471,TFs_and_others_ZIC2
472,TFs_and_others_SAFB2
473,TFs_and_others_ZNF292
474,TFs_and_others_HINFP
475,TFs_and_others_E2F4
476,TFs_and_others_HOXB1
477,TFs_and_others_ZBTB1
478,TFs_and_others_LCORL
479,TFs_and_others_AHRR
480,TFs_and_others_ZNF674
481,TFs_and_others_ZNF197
482,TFs_and_others_CTR9
483,TFs_and_others_HDAC4
484,TFs_and_others_GPS2
485,TFs_and_others_TCF4
486,TFs_and_others_XBP1
487,TFs_and_others_ZBTB25
488,TFs_and_others_ETS1
489,TFs_and_others_LMNB1
490,TFs_and_others_CRX
491,TFs_and_others_NCOA3
492,TFs_and_others_NFIX
493,TFs_and_others_LEF1
494,TFs_and_others_TARDBP
495,TFs_and_others_ZBTB40
496,TFs_and_others_CBFB
497,TFs_and_others_CREB5
498,Histone_H3
499,TFs_and_others_CSNK2A1
500,TFs_and_others_ZNF784
501,TFs_and_others_ZNF79
502,TFs_and_others_WWTR1
503,TFs_and_others_SKP2
504,TFs_and_others_ZNF57
505,TFs_and_others_STAT2
506,TFs_and_others_BRCA2
507,Histone_H3.6
508,TFs_and_others_MTA2
509,TFs_and_others_ZNF511
510,TFs_and_others_ZNF775
511,TFs_and_others_ATF7
512,TFs_and_others_SRF
513,TFs_and_others_NR5A2
514,TFs_and_others_ZNF621
515,TFs_and_others_MEIS1
516,TFs_and_others_ZNF610
517,TFs_and_others_ELK4
518,TFs_and_others_MITF
519,TFs_and_others_TFDP1
520,TFs_and_others_METTL3
521,TFs_and_others_BrdU
522,TFs_and_others_GTF2B
523,TFs_and_others_PRDM11
524,TFs_and_others_TCF7L2
525,TFs_and_others_ZNF460
526,TFs_and_others_HES7
527,TFs_and_others_ZNF354C
528,Histone_H3K36me3
529,Histone_H2AT120ph
530,TFs_and_others_WDR5
531,TFs_and_others_ZNF583
532,TFs_and_others_AR
533,TFs_and_others_KDM6B
534,TFs_and_others_JMJD6
535,Histone_H3K18cr
536,TFs_and_others_ZBED5
537,TFs_and_others_FAM208A
538,TFs_and_others_MAX
539,TFs_and_others_AML1-ETO
540,TFs_and_others_WHSC1
541,TFs_and_others_NAIF1
542,TFs_and_others_MSC
543,TFs_and_others_XRCC3
544,TFs_and_others_KANSL1
545,TFs_and_others_KDM3A
546,TFs_and_others_SNIP1
547,TFs_and_others_MZF1
548,TFs_and_others_ZNF701
549,TFs_and_others_INO80
550,TFs_and_others_HAT1
551,TFs_and_others_NR1H2
552,TFs_and_others_ZNF350
553,Histone_H3K4ox
554,TFs_and_others_MBD4
555,TFs_and_others_NUP153
556,TFs_and_others_JUNB
557,TFs_and_others_SIRT3
558,TFs_and_others_ZBTB48
559,TFs_and_others_HOXB5
560,TFs_and_others_C10orf12
561,TFs_and_others_MTA1
562,TFs_and_others_BRDT
563,TFs_and_others_ZNF24
564,TFs_and_others_CEBPE
565,TFs_and_others_ZNF404
566,TFs_and_others_SMC1B
567,TFs_and_others_ZBTB5
568,TFs_and_others_ZSCAN22
569,TFs_and_others_MYF5
570,TFs_and_others_TEF
571,TFs_and_others_HNRNPLL
572,TFs_and_others_ZNF221
573,TFs_and_others_ZNF341
574,TFs_and_others_HMGB1
575,TFs_and_others_ETV2
576,TFs_and_others_PHF21A
577,TFs_and_others_NR2C2
578,TFs_and_others_ACTR5
579,TFs_and_others_FOXB1
580,TFs_and_others_ZNF761
581,TFs_and_others_ZNF720
582,TFs_and_others_GLMP
583,TFs_and_others_ATR
584,TFs_and_others_NCOA5
585,TFs_and_others_FOXO3
586,TFs_and_others_WIZ
587,TFs_and_others_CASP3
588,TFs_and_others_TLE3
589,TFs_and_others_NAT10
590,TFs_and_others_ZNF134
591,TFs_and_others_TTF2
592,TFs_and_others_ZNF843
593,TFs_and_others_MYOCD
594,TFs_and_others_KDM5D
595,TFs_and_others_INTS6
596,TFs_and_others_FOXM1
597,TFs_and_others_ZNF280A
598,TFs_and_others_ZGPAT
599,TFs_and_others_SREBF2
600,TFs_and_others_RREB1
601,TFs_and_others_TCEAL8
602,TFs_and_others_SERPINE1
603,Histone_H3T6ph
604,TFs_and_others_AHDC1
605,TFs_and_others_ZXDB
606,Histone_H4K5bu
607,TFs_and_others_ZBTB12
608,TFs_and_others_UBTF
609,TFs_and_others_TEAD1
610,TFs_and_others_EGR1
611,TFs_and_others_FOXC1
612,TFs_and_others_MIER3
613,TFs_and_others_CCDC101
614,Histone_H2B
615,TFs_and_others_TET2
616,TFs_and_others_KDM5A
617,TFs_and_others_KMT2D
618,Histone_H3K18ac
619,TFs_and_others_RXRA
620,TFs_and_others_ZBTB2
621,TFs_and_others_CHAMP1
622,TFs_and_others_MCM2
623,TFs_and_others_HOXA11
624,TFs_and_others_ZNF33A
625,TFs_and_others_DMC1
626,TFs_and_others_ZNF491
627,TFs_and_others_ZNF512
628,TFs_and_others_RHOXF2B
629,TFs_and_others_ZNF717
630,TFs_and_others_IRF9
631,TFs_and_others_MED21
632,TFs_and_others_HES4
633,TFs_and_others_ZFP69B
634,TFs_and_others_ID4
635,TFs_and_others_HSF1
636,Histone_H2A.XS139ph
637,TFs_and_others_Cyclobutane pyrimidine dimers
638,RNA_polymerase_POLR2G
639,TFs_and_others_ARID1A
640,TFs_and_others_MED26
641,TFs_and_others_SOX8
642,TFs_and_others_BHLHE40
643,TFs_and_others_THAP8
644,TFs_and_others_KLF1
645,Histone_H3T45ph
646,TFs_and_others_ID1
647,TFs_and_others_ZNF516
648,TFs_and_others_ZNF776
649,TFs_and_others_IRF3
650,TFs_and_others_RNF219
651,Histone_H1.4S187ph
652,TFs_and_others_YY1
653,TFs_and_others_BATF
654,TFs_and_others_INTS13
655,TFs_and_others_HEY2
656,TFs_and_others_SPDEF
657,TFs_and_others_ZNF707
658,TFs_and_others_SP3
659,TFs_and_others_GLIS1
660,TFs_and_others_PLSCR1
661,TFs_and_others_FERD3L
662,TFs_and_others_ZSCAN29
663,TFs_and_others_ZBTB26
664,Histone_H3.3
665,TFs_and_others_SMARCA1
666,TFs_and_others_NUP214
667,TFs_and_others_RCOR2
668,TFs_and_others_IRF8
669,TFs_and_others_ZNF488
670,TFs_and_others_TCF15
671,TFs_and_others_GABPB2
672,TFs_and_others_MYB
673,TFs_and_others_ZNF574
674,TFs_and_others_MED8
675,TFs_and_others_SRPK2
676,TFs_and_others_ZMYM3
677,TFs_and_others_LHX4
678,TFs_and_others_ARNTL
679,TFs_and_others_NEUROD1
680,TFs_and_others_SCRT2
681,TFs_and_others_SOX17
682,TFs_and_others_TRMT112
683,TFs_and_others_MAFF
684,TFs_and_others_MSH6
685,Histone_H1.5
686,TFs_and_others_ORC2
687,TFs_and_others_ZNF641
688,TFs_and_others_MEPCE
689,TFs_and_others_HBZ
690,TFs_and_others_MAFB
691,TFs_and_others_ZNF296
692,TFs_and_others_LYL1
693,TFs_and_others_RUNX1T1
694,TFs_and_others_CDAN1
695,Histone_H3.Y
696,TFs_and_others_PDS5A
697,TFs_and_others_ZBTB46
698,TFs_and_others_UBP1
699,Histone_H3K27me3
700,TFs_and_others_EWSR1
701,Histone_H2BK15ac
702,TFs_and_others_PPP1R10
703,TFs_and_others_JADE3
704,TFs_and_others_GABPB1
705,TFs_and_others_IRF4
706,TFs_and_others_RARB
707,TFs_and_others_IRF2
708,TFs_and_others_TRIM37
709,TFs_and_others_KDM5C
710,TFs_and_others_RTA
711,TFs_and_others_DMAP1
712,TFs_and_others_RXRB
713,TFs_and_others_5-mC
714,TFs_and_others_OSR2
715,TFs_and_others_DDX55
716,Histone_H2
717,TFs_and_others_ZNF850
718,TFs_and_others_CHD1
719,TFs_and_others_ZBTB21
720,TFs_and_others_HIVEP1
721,TFs_and_others_ZNF709
722,TFs_and_others_ILK
723,TFs_and_others_ZNF473
724,TFs_and_others_NFATC4
725,TFs_and_others_SUMO1
726,TFs_and_others_FGFR1
727,TFs_and_others_PSMB5
728,TFs_and_others_RFX1
729,TFs_and_others_CBFA2T2
730,TFs_and_others_PBX2
731,TFs_and_others_SIX1
732,TFs_and_others_ZMAT3
733,TFs_and_others_CBX7
734,Histone_H4K4me3
735,Histone_Pan lysine acetylation
736,TFs_and_others_ZNF398
737,TFs_and_others_EHMT2
738,TFs_and_others_ZNF30
739,TFs_and_others_GATAD1
740,TFs_and_others_RUVBL1
741,TFs_and_others_SS18L1
742,TFs_and_others_GLTSCR1
743,Histone_H3K36me1
744,TFs_and_others_HOXB6
745,TFs_and_others_TAF5L
746,TFs_and_others_BCLAF1
747,TFs_and_others_PRMT1
748,TFs_and_others_ELAVL1
749,TFs_and_others_ZNF670
750,TFs_and_others_ARID4A
751,TFs_and_others_MYRF
752,TFs_and_others_TRIM25
753,TFs_and_others_IFI16
754,TFs_and_others_NR2F2
755,TFs_and_others_MCM7
756,TFs_and_others_HNF1B
757,TFs_and_others_ZNF346
758,RNA_polymerase_POLR3A
759,TFs_and_others_KDM6A
760,TFs_and_others_RYBP
761,RNA_polymerase_POLR2A
762,TFs_and_others_TBP
763,TFs_and_others_ZNF324
764,TFs_and_others_TAZ
765,TFs_and_others_PHB
766,TFs_and_others_NEDD4
767,TFs_and_others_OTX1
768,TFs_and_others_TBX2
769,TFs_and_others_RAG2
770,TFs_and_others_NELFB
771,TFs_and_others_MED9
772,TFs_and_others_ZNF585B
773,TFs_and_others_BAHD1
774,TFs_and_others_BEND3
775,TFs_and_others_ZNF174
776,TFs_and_others_MYH11
777,TFs_and_others_EPOP
778,TFs_and_others_EBV-ZEBRA
779,TFs_and_others_FOXN3
780,TFs_and_others_PCGF6
781,Histone_H2A
782,TFs_and_others_KLF4
783,TFs_and_others_ZNF557
784,TFs_and_others_ZNF250
785,Histone_macroH2A1
786,TFs_and_others_MED1
787,TFs_and_others_KMT2C
788,TFs_and_others_HOXC11
789,TFs_and_others_NME2
790,Histone_H3K5ac
791,TFs_and_others_NPAT
792,TFs_and_others_ZNF37A
793,Histone_H3K9Kac
794,TFs_and_others_MBD5
795,TFs_and_others_ZNF558
796,RNA_polymerase_POLR3GL
797,TFs_and_others_ZNF354B
798,TFs_and_others_ZNF780A
799,TFs_and_others_CPSF2
800,TFs_and_others_BACH1
801,Histone_H3K9ac
802,TFs_and_others_COBLL1
803,TFs_and_others_ZNF607
804,TFs_and_others_HOXD4
805,TFs_and_others_TRERF1
806,TFs_and_others_PITX3
807,TFs_and_others_OVOL1
808,TFs_and_others_ATM
809,TFs_and_others_ZNF20
810,TFs_and_others_SMARCAL1
811,Histone_H4
812,TFs_and_others_EED
813,TFs_and_others_ZNF543
814,TFs_and_others_STAG3
815,TFs_and_others_CPSF6
816,TFs_and_others_MBD2
817,TFs_and_others_SUPT20H
818,TFs_and_others_PSIP1
819,TFs_and_others_ZBTB37
820,TFs_and_others_SMAD5
821,TFs_and_others_HOXA7
822,TFs_and_others_SF3B1
823,TFs_and_others_SOX5
824,TFs_and_others_AKNA
825,TFs_and_others_ZSCAN31
826,TFs_and_others_RFX2
827,TFs_and_others_CDX2
828,TFs_and_others_IKZF5
829,TFs_and_others_QSER1
830,Histone_H2BK20ac
831,TFs_and_others_PTBP1
832,TFs_and_others_ZNF155
833,TFs_and_others_INSM2
834,TFs_and_others_NCOA1
835,TFs_and_others_SMARCC1
836,TFs_and_others_NCOA2
837,TFs_and_others_ZNF343
838,TFs_and_others_ZNF319
839,TFs_and_others_ZNF768
840,TFs_and_others_LMTK3
841,TFs_and_others_HNRNPUL1
842,TFs_and_others_WDR77
843,TFs_and_others_RARA
844,TFs_and_others_SUPT16H
845,TFs_and_others_NR2E1
846,TFs_and_others_HOXB2
847,TFs_and_others_ZNF692
848,TFs_and_others_DDX39B
849,TFs_and_others_ATF1
850,TFs_and_others_DPPA3
851,Histone_H3K27me1
852,TFs_and_others_HOXD9
853,TFs_and_others_ZNF660
854,TFs_and_others_ZXDC
855,TFs_and_others_GFI1B
856,TFs_and_others_GLI1
857,TFs_and_others_ING4
858,TFs_and_others_ZNF615
859,TFs_and_others_ZSCAN20
860,TFs_and_others_ZNF572
861,TFs_and_others_CEBPG
862,TFs_and_others_8-Hydroxydeoxyguanosine
863,TFs_and_others_AIM2
864,TFs_and_others_ZNF777
865,TFs_and_others_ZNF668
866,Histone_H1
867,TFs_and_others_MethylCap
868,TFs_and_others_PBX4
869,TFs_and_others_SPIN1
870,Histone_H4K5K8K12K16ac
871,TFs_and_others_ZNF865
872,TFs_and_others_SLFN5
873,TFs_and_others_ZNF280D
874,TFs_and_others_ZNF614
875,TFs_and_others_CUL4B
876,TFs_and_others_LHX5
877,TFs_and_others_ZMYND11
878,TFs_and_others_COPS2
879,Histone_H4K20me2
880,TFs_and_others_ZNF791
881,TFs_and_others_DLX6
882,TFs_and_others_SMAD4
883,TFs_and_others_ZNF580
884,TFs_and_others_ZBTB33
885,TFs_and_others_N6AMT1
886,Histone_H4K5K8ac
887,TFs_and_others_RNF20
888,TFs_and_others_THAP4
889,TFs_and_others_ZNF671
890,TFs_and_others_NR1H3
891,TFs_and_others_ZNF462
892,TFs_and_others_MYBL2
893,TFs_and_others_ICE2
894,TFs_and_others_ZNF652
895,TFs_and_others_NCOA4
896,TFs_and_others_MYF6
897,TFs_and_others_NKX2-3
898,TFs_and_others_RBBP7
899,TFs_and_others_CDK7
900,TFs_and_others_XRCC1
901,TFs_and_others_FOXP3
902,TFs_and_others_NKRF
903,TFs_and_others_RAD21L1
904,TFs_and_others_ZBTB44
905,TFs_and_others_ZNF195
906,TFs_and_others_JMJD1C
907,TFs_and_others_ZNF747
908,Histone_H3.5
909,TFs_and_others_MLL-AF6
910,TFs_and_others_MXI1
911,TFs_and_others_KDM2B
912,TFs_and_others_THAP1
913,TFs_and_others_REC8
914,TFs_and_others_TGIF2
915,TFs_and_others_MXD4
916,TFs_and_others_TAF3
917,TFs_and_others_ZNF3
918,TFs_and_others_PCF11
919,TFs_and_others_KDM1A
920,Histone_H3.3 K27M mutant
921,TFs_and_others_CDYL2
922,TFs_and_others_THAP11
923,TFs_and_others_ALKBH1
924,TFs_and_others_ZNF397
925,TFs_and_others_ISL2
926,TFs_and_others_OTX2
927,Histone_H2BS112GlcNAc
928,TFs_and_others_EZH1
929,Histone_H1.4K34ac
930,TFs_and_others_RELB
931,TFs_and_others_HBcAg
932,TFs_and_others_ULK3
933,TFs_and_others_NETO2
934,TFs_and_others_ATXN7L3
935,TFs_and_others_VSX2
936,TFs_and_others_ESR2
937,Histone_macroH2A1.2
938,TFs_and_others_POU5F1
939,TFs_and_others_ZNF837
940,TFs_and_others_ZNF180
941,TFs_and_others_TP53BP1
942,TFs_and_others_CDT1
943,TFs_and_others_MYCN
944,TFs_and_others_ZNF19
945,TFs_and_others_ZNF318
946,TFs_and_others_ELANE
947,TFs_and_others_MGA
948,TFs_and_others_DZIP1
949,RNA_polymerase_RNA polymerase III
950,TFs_and_others_TCF21
951,TFs_and_others_ZFP64
952,TFs_and_others_SUV39H1
953,TFs_and_others_ZNF140
954,TFs_and_others_ZNF230
955,TFs_and_others_CSTF3
956,TFs_and_others_CDK11A
957,TFs_and_others_E2F6
958,TFs_and_others_TBX3
959,TFs_and_others_SOD1
960,TFs_and_others_FEZF1
961,TFs_and_others_ZNF75A
962,TFs_and_others_CRTC1
963,TFs_and_others_G-quadruplex
964,TFs_and_others_BAP1
965,TFs_and_others_CTBP2
966,TFs_and_others_TRF2
967,TFs_and_others_MLLT10
968,TFs_and_others_ZHX3
969,TFs_and_others_GLIS2
970,TFs_and_others_ZNF132
971,TFs_and_others_MTA3
972,TFs_and_others_GFI1
973,TFs_and_others_ZNF530
974,TFs_and_others_CIZ1
975,TFs_and_others_MCPV ST
976,TFs_and_others_TGIF2LX
977,TFs_and_others_ZBTB6
978,TFs_and_others_SMC1A
979,TFs_and_others_MGEA5
980,RNA_polymerase_POLR2B
981,TFs_and_others_CBX1
982,Histone_H4K5ac
983,TFs_and_others_HIVEP3
984,TFs_and_others_PDX1
985,TFs_and_others_CUL3
986,TFs_and_others_EHF
987,TFs_and_others_CC2D1A
988,Histone_H3K31ac
989,TFs_and_others_ZFX
990,TFs_and_others_HIRA
991,TFs_and_others_CD74
992,Histone_H4K12ac
993,TFs_and_others_ZFP36
994,Histone_H2A.Z.1
995,TFs_and_others_ZNF764
996,TFs_and_others_ZBTB14
997,TFs_and_others_NFATC2
998,TFs_and_others_FOXP2
999,TFs_and_others_POU2F3
1000,TFs_and_others_TAL1
1001,TFs_and_others_SNAI1
1002,TFs_and_others_RPA2
1003,TFs_and_others_TAF15
1004,TFs_and_others_MBNL3
1005,TFs_and_others_ZNF26
1006,TFs_and_others_CPSF3
1007,TFs_and_others_FXR1
1008,TFs_and_others_NUTM1
1009,TFs_and_others_ZNF678
1010,TFs_and_others_ZBTB10
1011,TFs_and_others_CLOCK
1012,TFs_and_others_CDKN1B
1013,TFs_and_others_THOC5
1014,TFs_and_others_ZNF662
1015,TFs_and_others_ELL
1016,TFs_and_others_MXD1
1017,TFs_and_others_CDC16
1018,TFs_and_others_RBM15
1019,TFs_and_others_SMARCC2
1020,TFs_and_others_FOSB
1021,TFs_and_others_STRA13
1022,TFs_and_others_KLF11
1023,TFs_and_others_LMO3
1024,TFs_and_others_MTF2
1025,TFs_and_others_PURB
1026,TFs_and_others_ZNF234
1027,TFs_and_others_SLC30A9
1028,TFs_and_others_PAX6
1029,TFs_and_others_SOX2
1030,TFs_and_others_SMC3
1031,TFs_and_others_ZNF367
1032,TFs_and_others_ID2
1033,TFs_and_others_RFX3
1034,TFs_and_others_ZBED4
1035,TFs_and_others_ZBTB17
1036,TFs_and_others_FOXP1
1037,TFs_and_others_BRAF
1038,TFs_and_others_CBX3
1039,TFs_and_others_ZEB1
1040,TFs_and_others_ZNF382
1041,TFs_and_others_ZFP62
1042,TFs_and_others_ZNF646
1043,Histone_H3K122ac
1044,TFs_and_others_ZNF396
1045,TFs_and_others_ZNF697
1046,TFs_and_others_POGZ
1047,TFs_and_others_ZNF12
1048,TFs_and_others_SMARCB1
1049,TFs_and_others_NAB2
1050,TFs_and_others_THAP9
1051,TFs_and_others_THRA
1052,TFs_and_others_AUTS2
1053,TFs_and_others_YEATS4
1054,TFs_and_others_GUCY1B3
1055,TFs_and_others_ZNF577
1056,TFs_and_others_MED13
1057,TFs_and_others_ZNF737
1058,TFs_and_others_RORA
1059,TFs_and_others_KANSL3
1060,TFs_and_others_NUDT21
1061,TFs_and_others_YY2
1062,TFs_and_others_XRCC5
1063,TFs_and_others_IRX5
1064,Histone_H3K56ac
1065,TFs_and_others_ZNF148
1066,TFs_and_others_MNT
1067,TFs_and_others_ZNF570
1068,TFs_and_others_ERCC3
1069,TFs_and_others_CREM
1070,TFs_and_others_ZNF83
1071,TFs_and_others_ZNF781
1072,TFs_and_others_ZNF33B
1073,TFs_and_others_TFAP2B
1074,TFs_and_others_ZNF16
1075,TFs_and_others_ZBTB43
1076,TFs_and_others_WAPL
1077,TFs_and_others_TLX1
1078,TFs_and_others_OSR1
1079,TFs_and_others_ELK3
1080,TFs_and_others_CHD2
1081,TFs_and_others_UPF1
1082,TFs_and_others_SIRT7
1083,TFs_and_others_CHAT
1084,TFs_and_others_PAD2
1085,TFs_and_others_ZNF257
1086,TFs_and_others_ZFHX2
1087,TFs_and_others_ZNF680
1088,TFs_and_others_ZNF555
1089,TFs_and_others_SAMD1
1090,TFs_and_others_SNAPC1
1091,TFs_and_others_RERE
1092,TFs_and_others_PTTG1
1093,TFs_and_others_NR1D1
1094,Histone_H3K23ac
1095,TFs_and_others_PCGF3
1096,TFs_and_others_ZNF589
1097,TFs_and_others_ZNF609
1098,TFs_and_others_KLF15
1099,TFs_and_others_SIN3A
1100,TFs_and_others_ISL1
1101,TFs_and_others_FMR1
1102,TFs_and_others_SYNCRIP
1103,TFs_and_others_MLXIP
1104,TFs_and_others_ZBTB7A
1105,Histone_macroH2A2
1106,TFs_and_others_WRNIP1
1107,TFs_and_others_EPCAM
1108,RNA_polymerase_POLR3D
1109,TFs_and_others_TSC22D4
1110,TFs_and_others_EBF3
1111,TFs_and_others_CXXC1
1112,TFs_and_others_SRSF3
1113,TFs_and_others_ASPSCR1
1114,TFs_and_others_FOXA2
1115,TFs_and_others_ALOX5
1116,TFs_and_others_LDB1
1117,TFs_and_others_DEK
1118,TFs_and_others_AFF1
1119,TFs_and_others_ELF2
1120,Histone_H3K29ac
1121,TFs_and_others_ZNF331
1122,Histone_H1K85ac
1123,TFs_and_others_MBD3
1124,TFs_and_others_POU2F2
1125,TFs_and_others_RIOK2
1126,TFs_and_others_E2F1
1127,TFs_and_others_EMX1
1128,Histone_H2Aub
1129,TFs_and_others_FOXJ2
1130,TFs_and_others_ZNF410
1131,Histone_H2A.Zac
1132,TFs_and_others_PDS5B
1133,TFs_and_others_ZNF441
1134,TFs_and_others_PPARD
1135,TFs_and_others_CDC73
1136,TFs_and_others_GTF2H2C
1137,TFs_and_others_ZNF526
1138,TFs_and_others_ARNT2
1139,TFs_and_others_ZBTB11
1140,TFs_and_others_PAX7
1141,TFs_and_others_ZSCAN23
1142,Histone_H3K18la
1143,TFs_and_others_CDK8
1144,TFs_and_others_ZNF430
1145,TFs_and_others_ICE1
1146,TFs_and_others_CTNNB1
1147,TFs_and_others_ZNF691
1148,TFs_and_others_ZNF334
1149,TFs_and_others_ZNF414
1150,TFs_and_others_PPP2CA
1151,TFs_and_others_ZNF436
1152,Histone_HINFP
1153,TFs_and_others_RTF1
1154,TFs_and_others_TAF7
1155,TFs_and_others_PRDM12
1156,TFs_and_others_HOXB7
1157,TFs_and_others_HOXA6
1158,TFs_and_others_BCL9
1159,TFs_and_others_ZNF830
1160,TFs_and_others_F2RL1
1161,TFs_and_others_BCL11A
1162,Histone_H4K5cr
1163,TFs_and_others_PPP2R1A
1164,TFs_and_others_OVOL3
1165,TFs_and_others_MTHFD1
1166,TFs_and_others_FUBP1
1167,TFs_and_others_ZNF248
1168,TFs_and_others_ZNF786
1169,TFs_and_others_BMI1
1170,TFs_and_others_ZNF581
1171,TFs_and_others_S100A10
1172,TFs_and_others_KAT6B
1173,TFs_and_others_ZNF146
1174,TFs_and_others_MTOR
1175,TFs_and_others_ZMIZ1
1176,TFs_and_others_NPAS2
1177,TFs_and_others_WDR33
1178,TFs_and_others_MLL-AF10
1179,TFs_and_others_SALL2
1180,TFs_and_others_DAXX
1181,TFs_and_others_RBMX
1182,Histone_H1t
1183,TFs_and_others_ZHX1
1184,TFs_and_others_FIP1L1
1185,TFs_and_others_HEXIM1
1186,TFs_and_others_HCFC1
1187,Histone_H3K9K14ac
1188,TFs_and_others_SAP130
1189,TFs_and_others_ANAPC1
1190,TFs_and_others_L3MBTL2
1191,TFs_and_others_ZNF143
1192,TFs_and_others_ZFY
1193,TFs_and_others_MED25
1194,TFs_and_others_TBX5
1195,TFs_and_others_TOX4
1196,TFs_and_others_ZBTB8A
1197,TFs_and_others_NCAPG2
1198,TFs_and_others_ZNF521
1199,Histone_H3K30ac
1200,TFs_and_others_BANP
1201,TFs_and_others_ZNF883
1202,Histone_H3K4ac
1203,TFs_and_others_EPAS1
1204,TFs_and_others_ZFP1
1205,TFs_and_others_ZNF514
1206,TFs_and_others_GFP
1207,TFs_and_others_ZNF333
1208,TFs_and_others_POLA1
1209,TFs_and_others_APC
1210,TFs_and_others_POLH
1211,TFs_and_others_ZNF7
1212,TFs_and_others_PPARGC1A
1213,Histone_H2AK5ac
1214,Histone_H3K14ac
1215,TFs_and_others_INTS3
1216,TFs_and_others_OLA1
1217,TFs_and_others_POLRMT
1218,TFs_and_others_ASCL1
1219,TFs_and_others_HNRNPH1
1220,TFs_and_others_CBFA2T3
1221,TFs_and_others_CDX1
1222,TFs_and_others_MAU2
1223,TFs_and_others_ERCC2
1224,TFs_and_others_ZNF766
1225,Histone_H3.7
1226,TFs_and_others_AHCTF1
1227,TFs_and_others_HOXA3
1228,TFs_and_others_AEBP2
1229,TFs_and_others_FOXO1
1230,TFs_and_others_FOSL1
1231,TFs_and_others_ZFP37
1232,TFs_and_others_SETD1A
1233,TFs_and_others_BRD1
1234,Histone_H3R3me2
1235,TFs_and_others_HEYL
1236,TFs_and_others_Cas9
1237,TFs_and_others_TERF2
1238,TFs_and_others_CDK2
1239,TFs_and_others_ESR1
1240,Histone_H3.1
1241,TFs_and_others_GATA4
1242,TFs_and_others_ZNF169
1243,TFs_and_others_NOTCH3
1244,TFs_and_others_ZNF485
1245,TFs_and_others_ETV3
1246,Histone_H4ac
1247,TFs_and_others_KLF6
1248,TFs_and_others_PAX9
1249,TFs_and_others_ELL2
1250,TFs_and_others_TRMT13
1251,TFs_and_others_GLI2
1252,TFs_and_others_INTS12
1253,TFs_and_others_RFX5
1254,TFs_and_others_FOXK2
1255,TFs_and_others_SS18
1256,TFs_and_others_NELFA
1257,TFs_and_others_LIN54
1258,TFs_and_others_ZBTB7B
1259,TFs_and_others_GRHL2
1260,TFs_and_others_ZNF444
1261,TFs_and_others_AFF4
1262,TFs_and_others_MEN1
1263,TFs_and_others_YTHDC1
1264,TFs_and_others_KLF17
1265,TFs_and_others_TAF9B
1266,TFs_and_others_ZNF263
1267,TFs_and_others_HDAC2
1268,TFs_and_others_LBX2
1269,TFs_and_others_CBX5
1270,TFs_and_others_NRIP1
1271,TFs_and_others_ZBTB24
1272,TFs_and_others_ZNF750
1273,TFs_and_others_HECTD1
1274,TFs_and_others_NFYB
1275,TFs_and_others_ZNF121
1276,TFs_and_others_HSF2
1277,TFs_and_others_PYGO2
1278,TFs_and_others_CHD3
1279,TFs_and_others_ASH2L
1280,TFs_and_others_TET1
1281,TFs_and_others_HLF
1282,TFs_and_others_ZNF213
1283,TFs_and_others_AICDA
1284,TFs_and_others_ZFP2
1285,Histone_H2BK120ub1
1286,TFs_and_others_NFYA
1287,TFs_and_others_VCP
1288,TFs_and_others_CSE1L
1289,TFs_and_others_NR0B2
1290,TFs_and_others_ESRRB
1291,TFs_and_others_PHF20
1292,TFs_and_others_USF2
1293,TFs_and_others_NFE2L2
1294,TFs_and_others_FANCD2
1295,TFs_and_others_HNRNPL
1296,TFs_and_others_ZFP3
1297,TFs_and_others_TRIP13
1298,TFs_and_others_BARX1
1299,TFs_and_others_MAPK1
1300,TFs_and_others_PARP1
1301,TFs_and_others_SATB2
1302,TFs_and_others_ZNF445
1303,TFs_and_others_USF3
1304,TFs_and_others_TCEB3
1305,TFs_and_others_ZNF142
1306,TFs_and_others_KAT2A
1307,TFs_and_others_NFRKB
1308,TFs_and_others_E2F2
1309,TFs_and_others_NFATC1
1310,TFs_and_others_SAG
1311,TFs_and_others_MED6
1312,TFs_and_others_LHX6
1313,Histone_CENPA
1314,TFs_and_others_BRD9
1315,TFs_and_others_ETV5
1316,TFs_and_others_ASUN
1317,TFs_and_others_Biotin
1318,TFs_and_others_DNMT1
1319,TFs_and_others_SSRP1
1320,TFs_and_others_ZNF605
1321,Histone_H3K18ub
1322,TFs_and_others_ZNF503
1323,TFs_and_others_SRPK1
1324,TFs_and_others_ZZZ3
1325,TFs_and_others_SOX9
1326,TFs_and_others_FOXO4
1327,TFs_and_others_JDP2
1328,TFs_and_others_SMAD9
1329,TFs_and_others_ZNF483
1330,TFs_and_others_HOMEZ
1331,TFs_and_others_ZNF586
1332,TFs_and_others_AHR
1333,TFs_and_others_WDR82
1334,TFs_and_others_TBL1XR1
1335,TFs_and_others_ZNF704
1336,TFs_and_others_TWIST1
1337,TFs_and_others_ZNF202
1338,TFs_and_others_SIN3B
1339,TFs_and_others_CREB3L2
1340,TFs_and_others_RELA
1341,TFs_and_others_RBPJ
1342,TFs_and_others_ADAR
1343,TFs_and_others_ZBTB4
1344,TFs_and_others_RBL2
1345,TFs_and_others_ETV6
1346,TFs_and_others_TRIM24
1347,TFs_and_others_STAG1
1348,TFs_and_others_NFKBIZ
1349,TFs_and_others_DDX21
1350,TFs_and_others_WT1
1351,TFs_and_others_TOE1
1352,TFs_and_others_C17orf96
1353,TFs_and_others_CREB1
1354,TFs_and_others_PALB2
1355,TFs_and_others_JARID2
1356,TFs_and_others_JUND
1357,TFs_and_others_SALL4
1358,TFs_and_others_PTF1A
1359,TFs_and_others_ZBTB38
1360,TFs_and_others_MAF1
1361,TFs_and_others_KLF12
1362,TFs_and_others_SPEN
1363,TFs_and_others_CHCHD3
1364,TFs_and_others_FOXK1
1365,TFs_and_others_PRKCQ
1366,TFs_and_others_ASXL2
1367,TFs_and_others_YWHAZ
1368,TFs_and_others_HOXA4
1369,TFs_and_others_ZNF300
1370,TFs_and_others_RNASEH2A
1371,TFs_and_others_ETV4
1372,TFs_and_others_XRCC4
1373,TFs_and_others_RFXAP
1374,TFs_and_others_TEX10
1375,TFs_and_others_SNAI2
1376,TFs_and_others_ELF1
1377,TFs_and_others_ZNF544
1378,TFs_and_others_HOXB13
1379,TFs_and_others_HMGN2
1380,TFs_and_others_BRPF1
1381,TFs_and_others_ELF4
1382,TFs_and_others_TFAP2C
1383,TFs_and_others_ZNF644
1384,TFs_and_others_TIGD6
1385,TFs_and_others_ZNF23
1386,TFs_and_others_RDme1
1387,TFs_and_others_PHF2
1388,TFs_and_others_NFE2L3
1389,TFs_and_others_CTBP1
1390,TFs_and_others_ZHX2
1391,TFs_and_others_ZNF547
1392,TFs_and_others_ZNF205
1393,TFs_and_others_ADNP
1394,TFs_and_others_HDGF2
1395,TFs_and_others_QKI
1396,TFs_and_others_MDM2
1397,TFs_and_others_CUL4A
1398,TFs_and_others_MED12
1399,TFs_and_others_ZNF408
1400,TFs_and_others_LEO1
1401,TFs_and_others_CDK6
1402,TFs_and_others_C11orf53
1403,TFs_and_others_CPSF3L
1404,TFs_and_others_ZNF560
1405,TFs_and_others_PRTN3
1406,TFs_and_others_PITX1
1407,TFs_and_others_ZNF778
1408,TFs_and_others_SUMO2
1409,TFs_and_others_NFATC3
1410,TFs_and_others_FOXC2
1411,TFs_and_others_UBE2I
1412,TFs_and_others_ZNF507
1413,TFs_and_others_GATA1
1414,TFs_and_others_VSV-G
1415,TFs_and_others_DYRK1A
1416,TFs_and_others_SOX10
1417,TFs_and_others_KLF10
1418,TFs_and_others_EGR2
1419,TFs_and_others_MLLT3
1420,TFs_and_others_ZNF335
1421,TFs_and_others_CREB3
1422,TFs_and_others_ZMYM2
1423,TFs_and_others_ZNF438
1424,TFs_and_others_PATZ1
1425,TFs_and_others_RBBP5
1426,TFs_and_others_BRPF3
1427,TFs_and_others_RAC1
1428,TFs_and_others_RBM17
1429,TFs_and_others_SRCAP
1430,TFs_and_others_NABP2
1431,TFs_and_others_SKIL
1432,TFs_and_others_SCMH1
1433,TFs_and_others_PHF6
1434,TFs_and_others_BRWD1
1435,TFs_and_others_NCOA6
1436,TFs_and_others_MYBBP1A
1437,TFs_and_others_BCOR
1438,TFs_and_others_NCL
1439,TFs_and_others_YAP1
1440,TFs_and_others_TP63
1441,TFs_and_others_MPHOSPH8
1442,TFs_and_others_DPF2
1443,TFs_and_others_MAFK
1444,TFs_and_others_DMRT2
1445,TFs_and_others_ZNF501
1446,TFs_and_others_MBD3L2
1447,TFs_and_others_ZNF782
1448,TFs_and_others_CPSF4
1449,TFs_and_others_ZNF2
1450,TFs_and_others_SMC4
1451,TFs_and_others_KSHV LANA
1452,TFs_and_others_ARNTL2
1453,TFs_and_others_ZUFSP
1454,Histone_H3R2me2
1455,TFs_and_others_EMSY
1456,TFs_and_others_ATRX
1457,Histone_H2Bub
1458,TFs_and_others_HSF4
1459,TFs_and_others_MED22
1460,TFs_and_others_SHOX2
1461,TFs_and_others_QRICH1
1462,TFs_and_others_HIV1 tat
1463,TFs_and_others_SAFB
1464,Histone_H3K32ac
1465,TFs_and_others_TERF1
1466,TFs_and_others_PBXIP1
1467,TFs_and_others_EP300
1468,TFs_and_others_ZNF114
1469,TFs_and_others_C17orf49
1470,TFs_and_others_BCL6B
1471,TFs_and_others_ZSCAN30
1472,TFs_and_others_ZNF486
1473,TFs_and_others_ZNF571
1474,TFs_and_others_ESRRA
1475,TFs_and_others_CASZ1
1476,TFs_and_others_DLX5
1477,TFs_and_others_ZNF695
1478,TFs_and_others_MCM3
1479,TFs_and_others_CREBL2
1480,TFs_and_others_BATF3
1481,TFs_and_others_PCBP1
1482,TFs_and_others_SMCHD1
1483,TFs_and_others_TCF7
1484,TFs_and_others_ATF2
1485,TFs_and_others_MAML1
1486,TFs_and_others_ZNF48
1487,TFs_and_others_GTF2A2
1488,TFs_and_others_SCML4
1489,TFs_and_others_HOXB4
1490,TFs_and_others_O-GlcNAc
1491,TFs_and_others_ZNF703
1492,TFs_and_others_ZMAT4
1493,TFs_and_others_MESP1
1494,TFs_and_others_MCM5
1495,TFs_and_others_GMEB1
1496,TFs_and_others_PRPF4
1497,DNase-seq_DNase-Seq
1498,TFs_and_others_U2AF1
1499,TFs_and_others_ZNF713
1500,TFs_and_others_MAFG
1501,TFs_and_others_NCAPG
1502,TFs_and_others_ZNF600
1503,Histone_H3ac
1504,TFs_and_others_ZNF493
1505,TFs_and_others_LMO2
1506,TFs_and_others_SRSF4
1507,TFs_and_others_ZMYND8
1508,TFs_and_others_ZNF788
1509,TFs_and_others_SMARCE1
1510,TFs_and_others_BDP1
1511,TFs_and_others_ZSCAN32
1512,TFs_and_others_SPI1
1513,TFs_and_others_ZBTB42
1514,TFs_and_others_PREB
1515,TFs_and_others_EBNA3
1516,Histone_H4K12me1
1517,TFs_and_others_PRRX2
1518,TFs_and_others_ZNF773
1519,TFs_and_others_REST
1520,TFs_and_others_CXXC5
1521,TFs_and_others_PRDM15
1522,TFs_and_others_PTBP3
1523,TFs_and_others_ZBTB9
1524,TFs_and_others_SMARCA2
1525,TFs_and_others_HAND2
1526,TFs_and_others_ZNF44
1527,TFs_and_others_NIPBL
1528,TFs_and_others_CDK12
1529,TFs_and_others_ZNF565
1530,TFs_and_others_DNMT3A
1531,TFs_and_others_THAP7
1532,TFs_and_others_MYC
1533,TFs_and_others_PML
1534,TFs_and_others_TCFL5
1535,TFs_and_others_LDB2
1536,TFs_and_others_RARG
1537,TFs_and_others_HNRNPK
1538,TFs_and_others_ZNF658
1539,TFs_and_others_SUZ12
1540,TFs_and_others_ARNT
1541,TFs_and_others_ZNF587
1542,TFs_and_others_ATF6
1543,TFs_and_others_NFAT5
1544,TFs_and_others_HOXA5
1545,TFs_and_others_TCF3
1546,TFs_and_others_ZNF624
1547,TFs_and_others_PHC1
1548,TFs_and_others_NOTCH1
1549,TFs_and_others_HMG20A
1550,TFs_and_others_CHUK
1551,TFs_and_others_T
1552,TFs_and_others_MTF1
1553,TFs_and_others_TRIM28
1554,TFs_and_others_PTEN
1555,TFs_and_others_MBD1
1556,TFs_and_others_RBM14
1557,TFs_and_others_GATAD2B
1558,TFs_and_others_MED30
1559,TFs_and_others_BBX
1560,TFs_and_others_ZNF18
1561,TFs_and_others_EVX1
1562,TFs_and_others_NKX2-5
1563,TFs_and_others_PRAME
1564,TFs_and_others_SCML2
1565,Histone_H4K91ac
1566,TFs_and_others_DDX20
1567,TFs_and_others_ZNF711
1568,TFs_and_others_PCGF1
1569,Histone_H2A.Z.2
1570,TFs_and_others_RCOR3
1571,TFs_and_others_ZNF569
1572,TFs_and_others_TAF1C
1573,TFs_and_others_LIN28B
1574,TFs_and_others_SOX6
1575,TFs_and_others_CEBPB
1576,TFs_and_others_NR1I2
1577,TFs_and_others_KDM5B
1578,TFs_and_others_BRD8
1579,TFs_and_others_DICER1
1580,TFs_and_others_GREB1
1581,TFs_and_others_DPF1
1582,TFs_and_others_ZNF316
1583,TFs_and_others_RB1
1584,TFs_and_others_IRX2
1585,TFs_and_others_YBX3
1586,TFs_and_others_ZNF260
1587,TFs_and_others_CRY1
1588,TFs_and_others_CCNT2
1589,TFs_and_others_ZC3H10
1590,TFs_and_others_CCND2
1591,TFs_and_others_FOXL2
1592,TFs_and_others_STAT5B
1593,TFs_and_others_HSP90B1
1594,TFs_and_others_KDM3B
1595,TFs_and_others_KAT6A
1596,TFs_and_others_E4F1
1597,TFs_and_others_HMGA2
1598,TFs_and_others_TEAD4
1599,TFs_and_others_ZNF157
1600,TFs_and_others_ZNF264
1601,TFs_and_others_ERCC8
1602,TFs_and_others_NUP93
1603,TFs_and_others_ZIC5
1604,TFs_and_others_LRRFIP1
1605,TFs_and_others_LCOR
1606,Histone_H1.0
1607,TFs_and_others_PIAS1
1608,TFs_and_others_GTF2H2
1609,TFs_and_others_POU2AF1
1610,TFs_and_others_Pan-acetyllysine
1611,TFs_and_others_NFKB2
1612,TFs_and_others_NFIA
1613,TFs_and_others_FOXQ1
1614,TFs_and_others_ERBB2
1615,TFs_and_others_THRAP3
1616,TFs_and_others_SP7
1617,TFs_and_others_PRMT5
1618,TFs_and_others_NLRP2
1619,TFs_and_others_ASH1L
1620,TFs_and_others_DNMT3B
1621,TFs_and_others_EBNA1
1622,TFs_and_others_SVIL
1623,TFs_and_others_TDRD3
1624,TFs_and_others_MLX
1625,TFs_and_others_CHAF1A
1626,TFs_and_others_STAT4
1627,TFs_and_others_PAWR
1628,TFs_and_others_ZFP91
1629,TFs_and_others_ZFHX4
1630,TFs_and_others_RBFOX2
1631,TFs_and_others_IGF1
1632,TFs_and_others_HDAC1
1633,TFs_and_others_MAF
1634,TFs_and_others_SOX15
1635,TFs_and_others_FLI1
1636,TFs_and_others_IRF5
1637,TFs_and_others_HAND1
1638,TFs_and_others_ZNF598
1639,TFs_and_others_ZNF524
1640,TFs_and_others_SETDB1
1641,TFs_and_others_KDM4B
1642,TFs_and_others_ZBTB39
1643,TFs_and_others_ELF3
1644,TFs_and_others_ZNF214
1645,TFs_and_others_SALL3
1646,TFs_and_others_NUP98
1647,TFs_and_others_ZNF117
1648,TFs_and_others_EP400
1649,TFs_and_others_CARM1
1650,TFs_and_others_CAMTA1
1651,TFs_and_others_POLR3C
1652,TFs_and_others_ZNF223
1653,TFs_and_others_ZNF383
1654,TFs_and_others_TRPS1
1655,TFs_and_others_STAT3
1656,TFs_and_others_THAP12
1657,TFs_and_others_ZNF626
1658,TFs_and_others_VRK1
1659,TFs_and_others_SOX11
1660,TFs_and_others_ZNF133
1661,TFs_and_others_ZNF629
1662,TFs_and_others_HES1
1663,TFs_and_others_SALL1
1664,TFs_and_others_RORC
1665,TFs_and_others_MEF2A
1666,TFs_and_others_ZNF215
1667,TFs_and_others_TCEA2
1668,TFs_and_others_ZSCAN5C
1669,TFs_and_others_HNRNPC
1670,TFs_and_others_VDR
1671,TFs_and_others_ZNF317
1672,TFs_and_others_TRP47
1673,TFs_and_others_TUBG1
1674,TFs_and_others_NCOR2
1675,TFs_and_others_ZNF253
1676,Histone_H2AK120Ub
1677,TFs_and_others_SATB1
1678,TFs_and_others_DCP1A
1679,RNA_polymerase_POLR3G
1680,TFs_and_others_ZBTB3
1681,TFs_and_others_SIX4
1682,TFs_and_others_TRIB3
1683,TFs_and_others_ZNF10
1684,TFs_and_others_TFCP2
1685,TFs_and_others_ZSCAN5D
1686,TFs_and_others_ZNF239
1687,TFs_and_others_EBNA2
1688,TFs_and_others_DROSHA
1689,TFs_and_others_HOXA13
1690,TFs_and_others_PLAG1
1691,Histone_Pan lysine crotonylation
1692,TFs_and_others_PHB2
1693,TFs_and_others_ZNF347
1694,Histone_H3S57ph
1695,TFs_and_others_ZNF17
1696,TFs_and_others_CDC45
1697,TFs_and_others_KLF13
1698,TFs_and_others_LIN9
1699,TFs_and_others_ERCC6
1700,TFs_and_others_CDC5L
1701,Histone_H3K79me2
1702,Histone_H3K14me3
1703,TFs_and_others_NR4A2
1704,TFs_and_others_NBN
1705,TFs_and_others_WAS
1706,TFs_and_others_PHOX2B
1707,RNA_polymerase_GTF3C1
1708,TFs_and_others_HMGB2
1709,TFs_and_others_ZNF710
1710,TFs_and_others_TFAP2A
1711,TFs_and_others_NELFCD
1712,TFs_and_others_ZNF77
1713,TFs_and_others_E2F7
1714,TFs_and_others_HBP1
1715,TFs_and_others_ZNF619
1716,TFs_and_others_GABPA
1717,TFs_and_others_ZBED2
1718,Histone_H2BK12ac
1719,Histone_H2BK120ac
1720,TFs_and_others_GRHL3
1721,TFs_and_others_IKZF1
1722,TFs_and_others_NR4A1
1723,TFs_and_others_ATF7IP
1724,TFs_and_others_GRHL1
1725,TFs_and_others_MBD6
1726,TFs_and_others_POLQ
1727,TFs_and_others_ERG
1728,TFs_and_others_RUNX3
1729,TFs_and_others_ZNF407
1730,TFs_and_others_HMGXB4
1731,TFs_and_others_ZNF384
1732,TFs_and_others_DACH1
1733,TFs_and_others_PCGF5
1734,TFs_and_others_ATOH8
1735,TFs_and_others_ZNF8
1736,Histone_H3K9K14K18K23K27ac
1737,TFs_and_others_PHF20L1
1738,TFs_and_others_DNMT3L
1739,TFs_and_others_MKL2
1740,TFs_and_others_SIPA1
1741,TFs_and_others_SP2
1742,TFs_and_others_SOX4
1743,TFs_and_others_EZH2
1744,TFs_and_others_TFAP4
1745,TFs_and_others_ZSCAN9
1746,TFs_and_others_ZSCAN5A
1747,TFs_and_others_ZNF280C
1748,TFs_and_others_REL
1749,TFs_and_others_EN1
1750,TFs_and_others_PBX1
1751,TFs_and_others_XRN2
1752,TFs_and_others_ZNF101
1753,TFs_and_others_RPA1
1754,TFs_and_others_ZNF484
1755,TFs_and_others_SMAD2
1756,TFs_and_others_SUPT5H
1757,TFs_and_others_BRF2
1758,Histone_H2BP1me1
1759,TFs_and_others_CAMTA2
1760,TFs_and_others_ZNF839
1761,TFs_and_others_TRRAP
1762,TFs_and_others_HMGXB3
1763,TFs_and_others_UBE3A
1764,TFs_and_others_TCF7L1
1765,TFs_and_others_TBL1Y
1766,TFs_and_others_RBAK
1767,TFs_and_others_CIITA
1768,TFs_and_others_BRD7
1769,TFs_and_others_KLF9
1770,TFs_and_others_MRE11A
1771,TFs_and_others_SNAPC2
1772,TFs_and_others_DBP
1773,TFs_and_others_GPBP1L1
1774,TFs_and_others_ZNF211
1775,TFs_and_others_TSHZ1
1776,TFs_and_others_NXF1
1777,TFs_and_others_MYOG
1778,TFs_and_others_BAHCC1
1779,TFs_and_others_ARID2
1780,TFs_and_others_BCL11B
1781,TFs_and_others_PCBP2
1782,TFs_and_others_ZFP42
1783,TFs_and_others_HNF1A
1784,TFs_and_others_HIC1
1785,TFs_and_others_FOXS1
1786,TFs_and_others_TP53
1787,TFs_and_others_ZNF700
1788,TFs_and_others_ZKSCAN5
1789,TFs_and_others_E2F8
1790,Histone_H1.X
1791,TFs_and_others_MAZ
1792,TFs_and_others_YEATS2
1793,TFs_and_others_PARK7
1794,TFs_and_others_ZNF227
1795,TFs_and_others_ZNF394
1796,TFs_and_others_HOXC13
1797,TFs_and_others_CASP8AP2
1798,TFs_and_others_ATF3
1799,TFs_and_others_PPARG
1800,TFs_and_others_ESRRG
1801,TFs_and_others_TFCP2L1
1802,TFs_and_others_KAT7
1803,TFs_and_others_pFM2
1804,TFs_and_others_HOXA9
1805,TFs_and_others_ZNF891
1806,TFs_and_others_RCOR1
1807,TFs_and_others_ZNF655
1808,TFs_and_others_ZNF70
1809,TFs_and_others_ZNF337
1810,TFs_and_others_MEF2C
1811,Histone_H1.2
1812,TFs_and_others_SOX13
1813,TFs_and_others_FOXR2
1814,TFs_and_others_ZNF518B
1815,TFs_and_others_DDX11
1816,TFs_and_others_PROSER1
1817,TFs_and_others_WTAP
1818,TFs_and_others_INSR
1819,TFs_and_others_ZBTB34
1820,TFs_and_others_GATAD2A
1821,TFs_and_others_ZKSCAN3
1822,TFs_and_others_PGBD5
1823,TFs_and_others_CEBPD
1824,TFs_and_others_ZMAT5
1825,TFs_and_others_PTRF
1826,TFs_and_others_ZNF84
1827,TFs_and_others_ZNF417
1828,TFs_and_others_ZNF426
1829,TFs_and_others_OVOL2
1830,TFs_and_others_GLI4
1831,TFs_and_others_MXD3
1832,TFs_and_others_NR3C1
1833,TFs_and_others_ZBTB20
1834,TFs_and_others_NFKBIA
1835,Histone_H4K5K8K16ac
1836,TFs_and_others_ZNF326
1837,TFs_and_others_MED4
1838,TFs_and_others_MINA
1839,TFs_and_others_HESX1
1840,TFs_and_others_ZNF584
1841,TFs_and_others_BPTF
1842,TFs_and_others_SKI
1843,TFs_and_others_RAD51
1844,TFs_and_others_ZNF416
1845,TFs_and_others_ZNF276
1846,TFs_and_others_SREBF1
1847,TFs_and_others_SIRT1
1848,TFs_and_others_ZNF219
1849,TFs_and_others_ZBTB49
1850,TFs_and_others_TOP1
1851,RNA_polymerase_POLR1D
1852,TFs_and_others_PROX1
1853,TFs_and_others_HNF4G
1854,TFs_and_others_KCMF1
1855,TFs_and_others_PAF1
1856,TFs_and_others_GRWD1
1857,TFs_and_others_TP73
1858,TFs_and_others_PCGF2
1859,TFs_and_others_ZFP30
1860,TFs_and_others_MIXL1
1861,TFs_and_others_AGO1
1862,TFs_and_others_FANCM
1863,TFs_and_others_PHTF2
1864,TFs_and_others_MED31
1865,TFs_and_others_ZNF449
1866,TFs_and_others_STAT5A
1867,TFs_and_others_ZNF616
1868,TFs_and_others_MEAF6
1869,TFs_and_others_NFE2L1
1870,TFs_and_others_CBX2
1871,TFs_and_others_IRF2BP2
1872,RNA_polymerase_POLR3E
1873,TFs_and_others_MEF2B
1874,TFs_and_others_USP22
1875,TFs_and_others_PCNA
1876,TFs_and_others_CTCF
1877,TFs_and_others_CIC
1878,TFs_and_others_G-quadruplexes
1879,TFs_and_others_NR5A1
1880,TFs_and_others_TSC1
1881,TFs_and_others_BCORL1
1882,TFs_and_others_CBX4
1883,TFs_and_others_LRWD1
1884,TFs_and_others_GATA3
1885,TFs_and_others_ZNF490
1886,TFs_and_others_LMO1
1887,TFs_and_others_RFX7
1888,TFs_and_others_KMT2B
1889,TFs_and_others_SOX18
1890,TFs_and_others_HOXC8
1891,TFs_and_others_TOX2
1892,TFs_and_others_ZSCAN5B
1893,TFs_and_others_CUX1
1894,TFs_and_others_RUNX1
1895,TFs_and_others_SOX21
1896,Histone_H3K79me1
1897,TFs_and_others_ZNF366
1898,TFs_and_others_ZBTB16
1899,Histone_H3K36me2
1900,TFs_and_others_AAV Rep68
1901,TFs_and_others_NEUROD2
1902,TFs_and_others_NRP2
1903,TFs_and_others_SIRT6
1904,TFs_and_others_NANOG
1905,TFs_and_others_XRCC6
1906,TFs_and_others_Epitope tags
1907,TFs_and_others_AKAP8
1908,TFs_and_others_MYBL1
1909,TFs_and_others_ZNF592
1910,TFs_and_others_PGR
1911,TFs_and_others_ZNF124
1912,TFs_and_others_TBPL1
1913,TFs_and_others_DEAF1
1914,TFs_and_others_JAZF1
1915,TFs_and_others_ZNF92
1916,TFs_and_others_RBM39
1917,TFs_and_others_XPO1
1918,TFs_and_others_RUVBL2
1919,TFs_and_others_ATOH1
1920,TFs_and_others_ZSCAN21
1921,TFs_and_others_MYNN
1922,TFs_and_others_ZNF432
1923,TFs_and_others_ZNF664
1924,TFs_and_others_DLX4
1925,TFs_and_others_KAT2B
1926,TFs_and_others_ZNF41
1927,TFs_and_others_SMN1
1928,TFs_and_others_SFMBT1
1929,TFs_and_others_ZFP14
1930,Histone_H3K27me2
1931,TFs_and_others_ZNF175
1932,TFs_and_others_ZNF224
1933,TFs_and_others_CSTF2
1934,TFs_and_others_FUS
1935,TFs_and_others_SP140L
1936,TFs_and_others_DNAJC2
1937,TFs_and_others_HLTF
1938,TFs_and_others_ZFP82
1939,TFs_and_others_ZSCAN4
1940,TFs_and_others_HMBOX1
1941,TFs_and_others_CREB3L1
1942,TFs_and_others_CDK9
1943,TFs_and_others_BHLHE41
1944,TFs_and_others_SP140
1945,TFs_and_others_ORC1
